{
  "format_version": "1.8.0",
  "minecraft:client_entity": {
    "description": {
      "identifier": "tc:endspider",
      "min_engine_version": "1.8.0",
      "materials": {
        "default": "spider",
        "invisible": "spider_invisible"
      },
      "textures": {
        "default": "textures/entity/endspider"
      },
      "geometry": {
        "default": "geometry.spider.v1.8"
      },
      "animations": {
        "default_leg_pose": "animation.spider.default_leg_pose",
        "look_at_target": "animation.spider.look_at_target",
        "walk": "animation.spider.walk"
      },
      "animation_controllers": [
        { "move": "controller.animation.spider.move" }
      ],
      "render_controllers": [ "controller.render.endspider" ],
      "spawn_egg": {
        "base_color": "#222222",
        "overlay_color": "#71d160"
      }
    }
  }
}