{
  "format_version": "1.12.0",
  "minecraft:entity": {
    "description": {
      "identifier": "tc:axe",
      "is_spawnable": false,
      "is_summonable": true,
      "is_experimental": false
    },
    "components": {
      "minecraft:collision_box": {
        "width": 0.25,
        "height": 0.25
      },
      "minecraft:projectile": {
        "on_hit": {
          "spawn_aoe_cloud": {
            "radius": 3.0,
            "radius_on_use": 0,
            "potion": 24,
            "particle": "portal",
            "duration": 6,
            "color": [ 220, 0, 239 ],
            "affect_owner": false
          },
          "mob_effect": {
            "effect": "wither",
            "durationeasy": 10,
            "durationnormal": 10,
            "durationhard": 10,
            "amplifier": 1
          },
          "remove_on_hit": { },
          "particle_on_hit": {
            "particle_type": "dragonbreath",
            "num_particles": 6,
            "on_entity_hit": true,
            "on_other_hit": true
          }
        },
        "power": 1.5,
        "gravity": 0.03,
        "angle_offset": 0.0
      },
	    "minecraft:physics": {
      },
      "minecraft:pushable": {
        "is_pushable": true,
        "is_pushable_by_piston": true
      }
    }
  }
}
